id,channelNum,display-name,url
1606.stations.xmltv.tvmedia.ca,2,"FOX (WFLD) Chicago, IL",
4595.stations.xmltv.tvmedia.ca,4,"ABC (WEEK-TV2) Peoria, IL",www.week.com
4601.stations.xmltv.tvmedia.ca,5,"NBC (WEEK) Bloomington, IL",www.week.com/
1831.stations.xmltv.tvmedia.ca,6,"NBC (WMAQ) Chicago, IL",www.nbc5.com/
4599.stations.xmltv.tvmedia.ca,8,"CBS (WMBD) Central Illinois, IL",www.wmbd.com/
4597.stations.xmltv.tvmedia.ca,10,"FOX (WYZZ) Bloomington, IL",
4603.stations.xmltv.tvmedia.ca,11,"Corner Store (WAOE) Central Illinois, IL",
3805.stations.xmltv.tvmedia.ca,12,"PBS (WILL) Urbana, IL",www.will.uiuc.edu/
4583.stations.xmltv.tvmedia.ca,12-1,"PBS (WILL) Urbana, IL HD",www.will.uiuc.edu/
8324.stations.xmltv.tvmedia.ca,12-2,"PBS Kids 24/7 (WILL-TV2) Urbana, IL",www.will.uiuc.edu/
4584.stations.xmltv.tvmedia.ca,12-3,"Create (WILL-TV3) Urbana, IL",www.will.uiuc.edu/
6188.stations.xmltv.tvmedia.ca,13,Local Programming,
661.stations.xmltv.tvmedia.ca,16,Cartoon Network USA - Eastern Feed,
650.stations.xmltv.tvmedia.ca,17,ESPN2,
594.stations.xmltv.tvmedia.ca,18,ESPN,
14683.stations.xmltv.tvmedia.ca,19,QVC,
14985.stations.xmltv.tvmedia.ca,20,HSN  - Home Shopping Network,www.hsn.com
654.stations.xmltv.tvmedia.ca,21,Lifetime Network US - Eastern Feed,
32361.stations.xmltv.tvmedia.ca,22,MC22 (Mediacom Channel 22),
425.stations.xmltv.tvmedia.ca,23,HLN,Turner.com
70.stations.xmltv.tvmedia.ca,24,CNN,
649.stations.xmltv.tvmedia.ca,25,Discovery Channel (US) - Eastern Feed,
61.stations.xmltv.tvmedia.ca,26,TBS - East,
658.stations.xmltv.tvmedia.ca,27,Nickelodeon USA - East Feed,
1526.stations.xmltv.tvmedia.ca,28,The Weather Channel,www.weather.com
1030.stations.xmltv.tvmedia.ca,29,Paramount Network USA - Eastern Feed,www.spiketv.com
2.stations.xmltv.tvmedia.ca,30,A&E US - Eastern Feed,www.AETV.com
347.stations.xmltv.tvmedia.ca,31,TNT - Eastern Feed,
640.stations.xmltv.tvmedia.ca,32,USA Network - East Feed,
4020.stations.xmltv.tvmedia.ca,33,NBC Sports Chicago,
621.stations.xmltv.tvmedia.ca,34,History Channel US - Eastern Feed,www.HistoryChannel.com
663.stations.xmltv.tvmedia.ca,35,VH1 - Eastern Feed,
656.stations.xmltv.tvmedia.ca,36,MTV USA - Eastern Feed,
664.stations.xmltv.tvmedia.ca,37,WE (Women's Entertainment) - Eastern,
645.stations.xmltv.tvmedia.ca,38,Animal Planet US - East,
596.stations.xmltv.tvmedia.ca,39,Syfy - Eastern Feed,
595.stations.xmltv.tvmedia.ca,40,Disney - Eastern Feed,www.disneychannel.com
623.stations.xmltv.tvmedia.ca,41,HGTV USA - Eastern Feed,
1252.stations.xmltv.tvmedia.ca,42,TV Land - Eastern,
177.stations.xmltv.tvmedia.ca,43,AMC - Eastern Feed,
1076.stations.xmltv.tvmedia.ca,44,CMT US - Eastern Feed,
617.stations.xmltv.tvmedia.ca,45,E! Entertainment USA - Eastern Feed,www.eonline.com
647.stations.xmltv.tvmedia.ca,46,Comedy Central (US) - Eastern Feed,www.comedycentral.com
1052.stations.xmltv.tvmedia.ca,47,Hallmark - Eastern Feed,
1083.stations.xmltv.tvmedia.ca,48,Fox News,
1054.stations.xmltv.tvmedia.ca,49,Food Network USA - Eastern Feed,
668.stations.xmltv.tvmedia.ca,50,Fox Sports 1,www.foxsports.com
1052.stations.xmltv.tvmedia.ca,51-1,Hallmark - Eastern Feed,
1333.stations.xmltv.tvmedia.ca,51-3,Lifetime Movies - East,www.mylifetime.com/lmn
1011.stations.xmltv.tvmedia.ca,51-5,Freeform - East Feed,www.freeform.go.com
647.stations.xmltv.tvmedia.ca,51-7,Comedy Central (US) - Eastern Feed,www.comedycentral.com
649.stations.xmltv.tvmedia.ca,51-11,Discovery Channel (US) - Eastern Feed,
1083.stations.xmltv.tvmedia.ca,51-13,Fox News,
5005.stations.xmltv.tvmedia.ca,51-19,TLC USA - Eastern,
664.stations.xmltv.tvmedia.ca,51-21,WE (Women's Entertainment) - Eastern,
4499.stations.xmltv.tvmedia.ca,51-25,Big Ten Network,
652.stations.xmltv.tvmedia.ca,52-1,FX Networks East Coast,
617.stations.xmltv.tvmedia.ca,52-5,E! Entertainment USA - Eastern Feed,www.eonline.com
668.stations.xmltv.tvmedia.ca,52-9,Fox Sports 1,www.foxsports.com
1305.stations.xmltv.tvmedia.ca,52-11,Univision - Eastern Feed,www.univision.com
323.stations.xmltv.tvmedia.ca,52-13,BET - Eastern Feed,
646.stations.xmltv.tvmedia.ca,52-15,Bravo USA - Eastern Feed,
201.stations.xmltv.tvmedia.ca,52-17,CNBC USA,
645.stations.xmltv.tvmedia.ca,52-19,Animal Planet US - East,
640.stations.xmltv.tvmedia.ca,52-21,USA Network - East Feed,
662.stations.xmltv.tvmedia.ca,52-23,Travel US - East,
65.stations.xmltv.tvmedia.ca,53,NewsNation - Eastern Feed,www.wgntv.com/
70.stations.xmltv.tvmedia.ca,53-1,CNN,
425.stations.xmltv.tvmedia.ca,53-3,HLN,Turner.com
661.stations.xmltv.tvmedia.ca,53-5,Cartoon Network USA - Eastern Feed,
61.stations.xmltv.tvmedia.ca,53-7,TBS - East,
347.stations.xmltv.tvmedia.ca,53-9,TNT - Eastern Feed,
1030.stations.xmltv.tvmedia.ca,53-11,Paramount Network USA - Eastern Feed,www.spiketv.com
1252.stations.xmltv.tvmedia.ca,53-13,TV Land - Eastern,
1076.stations.xmltv.tvmedia.ca,53-15,CMT US - Eastern Feed,
656.stations.xmltv.tvmedia.ca,53-17,MTV USA - Eastern Feed,
658.stations.xmltv.tvmedia.ca,53-19,Nickelodeon USA - East Feed,
655.stations.xmltv.tvmedia.ca,53-21,MSNBC USA,
333.stations.xmltv.tvmedia.ca,53-23,truTV USA - Eastern,www.trutv.com
1054.stations.xmltv.tvmedia.ca,54-1,Food Network USA - Eastern Feed,
623.stations.xmltv.tvmedia.ca,54-3,HGTV USA - Eastern Feed,
595.stations.xmltv.tvmedia.ca,54-7,Disney - Eastern Feed,www.disneychannel.com
2.stations.xmltv.tvmedia.ca,54-11,A&E US - Eastern Feed,www.AETV.com
621.stations.xmltv.tvmedia.ca,54-13,History Channel US - Eastern Feed,www.HistoryChannel.com
663.stations.xmltv.tvmedia.ca,54-15,VH1 - Eastern Feed,
654.stations.xmltv.tvmedia.ca,54-17,Lifetime Network US - Eastern Feed,
596.stations.xmltv.tvmedia.ca,54-21,Syfy - Eastern Feed,
177.stations.xmltv.tvmedia.ca,54-23,AMC - Eastern Feed,
65.stations.xmltv.tvmedia.ca,54-25,NewsNation - Eastern Feed,www.wgntv.com/
594.stations.xmltv.tvmedia.ca,55-5,ESPN,
650.stations.xmltv.tvmedia.ca,55-13,ESPN2,
4020.stations.xmltv.tvmedia.ca,55-15,NBC Sports Chicago,
1526.stations.xmltv.tvmedia.ca,55-25,The Weather Channel,www.weather.com
655.stations.xmltv.tvmedia.ca,57,MSNBC USA,
323.stations.xmltv.tvmedia.ca,58,BET - Eastern Feed,
1333.stations.xmltv.tvmedia.ca,59,Lifetime Movies - East,www.mylifetime.com/lmn
646.stations.xmltv.tvmedia.ca,60,Bravo USA - Eastern Feed,
333.stations.xmltv.tvmedia.ca,61,truTV USA - Eastern,www.trutv.com
652.stations.xmltv.tvmedia.ca,62,FX Networks East Coast,
5005.stations.xmltv.tvmedia.ca,63,TLC USA - Eastern,
201.stations.xmltv.tvmedia.ca,64,CNBC USA,
662.stations.xmltv.tvmedia.ca,65,Travel US - East,
1011.stations.xmltv.tvmedia.ca,66,Freeform - East Feed,www.freeform.go.com
4499.stations.xmltv.tvmedia.ca,67,Big Ten Network,
17744.stations.xmltv.tvmedia.ca,68,"CW (Week-TV3) Peoria, IL",www.week.com
1523.stations.xmltv.tvmedia.ca,71,SHOPHQ,www.vvtv.com
1305.stations.xmltv.tvmedia.ca,78,Univision - Eastern Feed,www.univision.com
14683.stations.xmltv.tvmedia.ca,81-1,QVC,
14985.stations.xmltv.tvmedia.ca,81-3,HSN  - Home Shopping Network,www.hsn.com
648.stations.xmltv.tvmedia.ca,81-5,C-SPAN,www.c-span.org
1050.stations.xmltv.tvmedia.ca,81-7,C-SPAN 2,www.c-span.org
1119.stations.xmltv.tvmedia.ca,81-9,TBN  - Trinity Broadcasting Network - East,
620.stations.xmltv.tvmedia.ca,81-11,EWTN USA,
19522.stations.xmltv.tvmedia.ca,81-12,TBN Inspire,www.tbn.org
3423.stations.xmltv.tvmedia.ca,81-13,C-SPAN 3,www.c-span.org/
1523.stations.xmltv.tvmedia.ca,81-15,SHOPHQ,www.vvtv.com
1082.stations.xmltv.tvmedia.ca,81-18,INSP,
19066.stations.xmltv.tvmedia.ca,81-19,Three Angels Broadcasting Network,www.3abn.org/
8584.stations.xmltv.tvmedia.ca,82-14,"PBS (WTTW) Chicago, IL HD",www.networkchicago.com/wttw/
8590.stations.xmltv.tvmedia.ca,82-16,"Create (WTTW-DT3) Chicago, IL",
8591.stations.xmltv.tvmedia.ca,82-18,"PBS Kids (WTTW4) Chicago, Il",
4604.stations.xmltv.tvmedia.ca,83-1,"Corner Store (WAOE) Central Illinois, IL HD",
33167.stations.xmltv.tvmedia.ca,83-3,"The Grio (WAOE2) Peoria, IL",
1050.stations.xmltv.tvmedia.ca,87,C-SPAN 2,www.c-span.org
3423.stations.xmltv.tvmedia.ca,88,C-SPAN 3,www.c-span.org/
19066.stations.xmltv.tvmedia.ca,90,Three Angels Broadcasting Network,www.3abn.org/
19522.stations.xmltv.tvmedia.ca,91,TBN Inspire,www.tbn.org
1119.stations.xmltv.tvmedia.ca,92,TBN  - Trinity Broadcasting Network - East,
1082.stations.xmltv.tvmedia.ca,93,INSP,
620.stations.xmltv.tvmedia.ca,94,EWTN USA,
4603.stations.xmltv.tvmedia.ca,94-1,"Corner Store (WAOE) Central Illinois, IL",
4595.stations.xmltv.tvmedia.ca,94-2,"ABC (WEEK-TV2) Peoria, IL",www.week.com
4601.stations.xmltv.tvmedia.ca,94-4,"NBC (WEEK) Bloomington, IL",www.week.com/
4597.stations.xmltv.tvmedia.ca,94-6,"FOX (WYZZ) Bloomington, IL",
4599.stations.xmltv.tvmedia.ca,94-8,"CBS (WMBD) Central Illinois, IL",www.wmbd.com/
17744.stations.xmltv.tvmedia.ca,94-17,"CW (Week-TV3) Peoria, IL",www.week.com
6188.stations.xmltv.tvmedia.ca,95-1,Local Programming,
648.stations.xmltv.tvmedia.ca,96,C-SPAN,www.c-span.org
1606.stations.xmltv.tvmedia.ca,100-2,"FOX (WFLD) Chicago, IL",
1831.stations.xmltv.tvmedia.ca,100-12,"NBC (WMAQ) Chicago, IL",www.nbc5.com/
1832.stations.xmltv.tvmedia.ca,100-24,"PBS (WTTW) Chicago, IL",www.networkchicago.com/wttw/
6115.stations.xmltv.tvmedia.ca,101-1,QVC HD,www.qvc.com
17312.stations.xmltv.tvmedia.ca,102-1,"GetTV (WYZZ-TV3) Peoria, IL",
4596.stations.xmltv.tvmedia.ca,102-4,"ABC (WEEK-DT2) Peoria, IL HD",www.week.com
4598.stations.xmltv.tvmedia.ca,102-6,"FOX (WYZZ) Bloomington, IL HD",
19128.stations.xmltv.tvmedia.ca,102-12,"CW (Week-DT3) Peoria, IL HD",www.week.com
17745.stations.xmltv.tvmedia.ca,102-14,"TBD TV (WHOI) Peoria, IL",www.hoinews.com/
17745.stations.xmltv.tvmedia.ca,103,"TBD TV (WHOI) Peoria, IL",www.hoinews.com/
4602.stations.xmltv.tvmedia.ca,103-2,"NBC (WEEK) Bloomington, IL HD",www.week.com/
4600.stations.xmltv.tvmedia.ca,103-4,"CBS (WMBD) Central Illinois, IL HD",www.wmbd.com/
33167.stations.xmltv.tvmedia.ca,106,"The Grio (WAOE2) Peoria, IL",
17312.stations.xmltv.tvmedia.ca,112,"GetTV (WYZZ-TV3) Peoria, IL",
10602.stations.xmltv.tvmedia.ca,113,"Bounce (WMBD-TV2) Central Illinois, IL",www.wmbd.com/
4584.stations.xmltv.tvmedia.ca,118,"Create (WILL-TV3) Urbana, IL",www.will.uiuc.edu/
8324.stations.xmltv.tvmedia.ca,119,"PBS Kids 24/7 (WILL-TV2) Urbana, IL",www.will.uiuc.edu/
1832.stations.xmltv.tvmedia.ca,120,"PBS (WTTW) Chicago, IL",www.networkchicago.com/wttw/
8590.stations.xmltv.tvmedia.ca,121,"Create (WTTW-DT3) Chicago, IL",
8591.stations.xmltv.tvmedia.ca,122,"PBS Kids (WTTW4) Chicago, Il",
14969.stations.xmltv.tvmedia.ca,125,H&I - Heroes & Icons Network,
9969.stations.xmltv.tvmedia.ca,127,NBC Sports Chicago Plus,
8822.stations.xmltv.tvmedia.ca,160,Big Ten Network Overflow 1,www.bigtennetwork.com
8823.stations.xmltv.tvmedia.ca,161,Big Ten Network Overflow 2,www.bigtennetwork.com
2108.stations.xmltv.tvmedia.ca,169,ESPN Deportes,
3115.stations.xmltv.tvmedia.ca,171,CBS Sports Network USA,
3352.stations.xmltv.tvmedia.ca,172,Stadium College Sports - Atlantic,www.foxsports.com
3351.stations.xmltv.tvmedia.ca,173,Stadium College Sports - Central,www.foxsports.com
3350.stations.xmltv.tvmedia.ca,174,Stadium College Sports - Pacific,www.foxsports.com
2075.stations.xmltv.tvmedia.ca,177,Sportsman Channel,www.thesportsmanchannel.com
3331.stations.xmltv.tvmedia.ca,178,ESPN U,www.espn.com
2114.stations.xmltv.tvmedia.ca,179,Fox Sports 2,www.foxsports.com
1649.stations.xmltv.tvmedia.ca,182,MSG (Madison Square Gardens),www.msgnetwork.com
1953.stations.xmltv.tvmedia.ca,185,YES Network,www.yesnetworktv.com
3349.stations.xmltv.tvmedia.ca,186,NFL Network,
6921.stations.xmltv.tvmedia.ca,187,NFL RedZone,www.nfl.com/ticket/
13711.stations.xmltv.tvmedia.ca,188,SEC Network,www.secdigitalnetwork.com/
13759.stations.xmltv.tvmedia.ca,189,SEC Network Alternate,www.secdigitalnetwork.com/
10853.stations.xmltv.tvmedia.ca,195,beIN Sport USA,
10855.stations.xmltv.tvmedia.ca,196,beIN Sport en Espanol,
4349.stations.xmltv.tvmedia.ca,197,Universal Kids,
2268.stations.xmltv.tvmedia.ca,198,Boomerang,
4225.stations.xmltv.tvmedia.ca,201,Discovery Family Channel,
1969.stations.xmltv.tvmedia.ca,203,Nick Jr. - East,
2010.stations.xmltv.tvmedia.ca,206,Nicktoons - East,
1954.stations.xmltv.tvmedia.ca,207,TeenNick - Eastern,
6335.stations.xmltv.tvmedia.ca,208,Qubo,
32612.stations.xmltv.tvmedia.ca,219,"Shop LC (WLWT3) Cincinnati, OH",www.wlwt.com/
615.stations.xmltv.tvmedia.ca,226,BBC America - East,www.bbcamerica.com
6828.stations.xmltv.tvmedia.ca,227,Daystar  - Network,
618.stations.xmltv.tvmedia.ca,228,Esquire Network - Eastern,WWW.EONLINE.COM
2707.stations.xmltv.tvmedia.ca,232,Lifetime Real Women East,www.mylifetime.com
1966.stations.xmltv.tvmedia.ca,233,Independent Film Channel US,
176.stations.xmltv.tvmedia.ca,235,Turner Classic Movies USA,www.tcm.com
1308.stations.xmltv.tvmedia.ca,236,FX Movie Channel,www.fxnetworks.com/fxm
527.stations.xmltv.tvmedia.ca,237,BBC News - North America,www.bbcworld.com
11294.stations.xmltv.tvmedia.ca,238,Fusion,
2673.stations.xmltv.tvmedia.ca,239,RFD-TV,www.rfdtv.com
2074.stations.xmltv.tvmedia.ca,241,Destination America,www.destinationamerica.com
1159.stations.xmltv.tvmedia.ca,243,Oprah Winfrey Network USA Eastern,
1960.stations.xmltv.tvmedia.ca,245,Science,
2090.stations.xmltv.tvmedia.ca,246,Investigation Discovery USA - Eastern,
2035.stations.xmltv.tvmedia.ca,247,American Heroes Channel,
4656.stations.xmltv.tvmedia.ca,248,Fox Business,
13504.stations.xmltv.tvmedia.ca,249,CCTV9 Documentary (English),cctv.cntv.cn/documentary/
657.stations.xmltv.tvmedia.ca,250,National Geographic US - Eastern,
1971.stations.xmltv.tvmedia.ca,252,FYI USA - Eastern,www.fyi.tv
624.stations.xmltv.tvmedia.ca,253,VICE,
1856.stations.xmltv.tvmedia.ca,258,Bloomberg TV USA,https://pluto.tv/live-tv/
1952.stations.xmltv.tvmedia.ca,261,FXX USA - Eastern,
193.stations.xmltv.tvmedia.ca,263,Golf Channel USA,www.thegolfchannel.com
1386.stations.xmltv.tvmedia.ca,265,NBC Sports Network,
1086.stations.xmltv.tvmedia.ca,267,Outdoor Channel US,
1629.stations.xmltv.tvmedia.ca,269,The Cowboy Channel,
14986.stations.xmltv.tvmedia.ca,271,FanDuel TV,www.tvg.com
1527.stations.xmltv.tvmedia.ca,274,ESPN News,espn.go.com
2093.stations.xmltv.tvmedia.ca,281,MTV Classic - East,
2288.stations.xmltv.tvmedia.ca,282,CMT Music,www.cmt.com
3229.stations.xmltv.tvmedia.ca,283,BET Soul,
1515.stations.xmltv.tvmedia.ca,284,MTV 2 - East,
2701.stations.xmltv.tvmedia.ca,285,MTV U,www.mtv.com
2112.stations.xmltv.tvmedia.ca,286,NickMusic,www.cdr.cr
1486.stations.xmltv.tvmedia.ca,287,FUSE TV - Eastern feed,
4679.stations.xmltv.tvmedia.ca,289,Smithsonian Channel USA,
7537.stations.xmltv.tvmedia.ca,290,National Geographic Wild,
10165.stations.xmltv.tvmedia.ca,291,POP - East,
4453.stations.xmltv.tvmedia.ca,292,Hallmark Movies & Mysteries - Eastern,
622.stations.xmltv.tvmedia.ca,296,Magnolia - East,
4226.stations.xmltv.tvmedia.ca,297,The Cooking Channel,
4175.stations.xmltv.tvmedia.ca,299,ReelzChannel,www.reelz.com
614.stations.xmltv.tvmedia.ca,301,HBO - Eastern Feed,
626.stations.xmltv.tvmedia.ca,303,HBO 2 - Eastern Feed,
628.stations.xmltv.tvmedia.ca,305,HBO Family - Eastern Feed,
1651.stations.xmltv.tvmedia.ca,307,HBO Signature (HBO 3) - Eastern,
631.stations.xmltv.tvmedia.ca,309,HBO Latino (HBO 7) - Eastern,www.hbo.com
629.stations.xmltv.tvmedia.ca,311,HBO Comedy - East,www.hbo.com
630.stations.xmltv.tvmedia.ca,313,HBO Zone - East,www.hbo.com
632.stations.xmltv.tvmedia.ca,325,Cinemax - Eastern Feed,
634.stations.xmltv.tvmedia.ca,327,MoreMax  Eastern,
1377.stations.xmltv.tvmedia.ca,329,ActionMax - Eastern,
1652.stations.xmltv.tvmedia.ca,331,ThrillerMax - East,
1653.stations.xmltv.tvmedia.ca,333,MovieMax (Max 6) - East,
639.stations.xmltv.tvmedia.ca,335,Cinem√°x - East,WWW.CINEMAX.COM
636.stations.xmltv.tvmedia.ca,337,5 Star Max - Eastern,
2270.stations.xmltv.tvmedia.ca,339,OuterMax - Eastern,WWW.CINEMAX.COM
665.stations.xmltv.tvmedia.ca,351,Showtime - Eastern Feed,
1387.stations.xmltv.tvmedia.ca,353,Showtime 2 - Eastern,
2077.stations.xmltv.tvmedia.ca,355,SHOXBET - Eastern,
1615.stations.xmltv.tvmedia.ca,357,Showtime Extreme - Eastern,
2271.stations.xmltv.tvmedia.ca,359,Showtime Showcase - Eastern,
2272.stations.xmltv.tvmedia.ca,361,Showtime Next - Eastern,www.sho.com
2273.stations.xmltv.tvmedia.ca,363,Showtime Women - Eastern,
1956.stations.xmltv.tvmedia.ca,365,Showtime Family Zone - Eastern,
666.stations.xmltv.tvmedia.ca,375,TMC (US) - Eastern Feed,
4350.stations.xmltv.tvmedia.ca,377,TMC Xtra - Eastern,
1848.stations.xmltv.tvmedia.ca,391,SundanceTV USA - East,
1399.stations.xmltv.tvmedia.ca,395,FLIX - Eastern,
583.stations.xmltv.tvmedia.ca,401,Starz - Eastern,www.starz.com
2120.stations.xmltv.tvmedia.ca,403,Starz Edge - Eastern,www.starz.com
1957.stations.xmltv.tvmedia.ca,405,Starz In Black - Eastern,www.starz.com
1194.stations.xmltv.tvmedia.ca,407,Starz Kids & Family - Eastern,www.starz.com
2680.stations.xmltv.tvmedia.ca,409,Starz Cinema - Eastern,www.starz.com
4223.stations.xmltv.tvmedia.ca,411,Starz Comedy - Eastern,www.starz.com
667.stations.xmltv.tvmedia.ca,421,Starz Encore - Eastern,www.starz.com
1959.stations.xmltv.tvmedia.ca,431,Starz Encore Westerns - Eastern,www.starz.com
2080.stations.xmltv.tvmedia.ca,433,Starz Encore Classic - Eastern,www.starz.com
1958.stations.xmltv.tvmedia.ca,435,Starz Encore Suspense - Eastern,www.starz.com
4206.stations.xmltv.tvmedia.ca,437,Starz Encore Black - Eastern,www.starz.com
2078.stations.xmltv.tvmedia.ca,439,Starz Encore Action - Eastern,www.starz.com
2128.stations.xmltv.tvmedia.ca,451,Starz Encore Family - Eastern,www.starz.com
7096.stations.xmltv.tvmedia.ca,649,HBO Latino (HBO 7) HD - Eastern,www.hbo.com
7102.stations.xmltv.tvmedia.ca,650,HBO Zone HD - East,www.hbo.com
7097.stations.xmltv.tvmedia.ca,651,MoreMax - Eastern HD,www.cinemax.com
7110.stations.xmltv.tvmedia.ca,653,SHOXBET HD - Eastern,www.sho.com
7107.stations.xmltv.tvmedia.ca,654,Showtime Extreme HD - Eastern,www.sho.com
7113.stations.xmltv.tvmedia.ca,655,TMC Xtra HD - Eastern,www.sho.com
10814.stations.xmltv.tvmedia.ca,658,Starz Encore Black HD - Eastern,www.starz.com
7506.stations.xmltv.tvmedia.ca,660,FXX USA HD - Eastern,www.fxnetworks.com/fxx
13712.stations.xmltv.tvmedia.ca,661,SEC Network HD,www.secdigitalnetwork.com/
6985.stations.xmltv.tvmedia.ca,662,CBS Sports Network USA HD,
8308.stations.xmltv.tvmedia.ca,663,ESPN Goal Line HD,
10263.stations.xmltv.tvmedia.ca,665,Fox Sports 2 HD,www.foxsports.com
16418.stations.xmltv.tvmedia.ca,666,NBC Universo HD - Eastern,www.holamun2.com/grid
7536.stations.xmltv.tvmedia.ca,667,NFL RedZone HD,www.nfl.com/REDZONE
6211.stations.xmltv.tvmedia.ca,670,FYI USA HD - Eastern,www.fyi.tv
7300.stations.xmltv.tvmedia.ca,671,VICE HD,www.viceland.com
6997.stations.xmltv.tvmedia.ca,672,Investigation Discovery USA HD - Eastern,www.investigationdiscovery.com
9579.stations.xmltv.tvmedia.ca,673,National Geographic Wild HD,WWW.NATGEOCHANNEL.COM
5600.stations.xmltv.tvmedia.ca,675,Fox Business HD,www.foxbusiness.com
8587.stations.xmltv.tvmedia.ca,679,Oprah Winfrey Network USA Eastern HD,www.health.discovery.com
8114.stations.xmltv.tvmedia.ca,680,Magnolia HD - East,www.diynetwork.com
8113.stations.xmltv.tvmedia.ca,681,The Cooking Channel HD,
6221.stations.xmltv.tvmedia.ca,683,FUSE TV HD - Eastern,www.muchmusic.com/usa
6214.stations.xmltv.tvmedia.ca,685,Hallmark Movies & Mysteries Eastern - HD,www.hallmarkmoviesandmysteries.com
6215.stations.xmltv.tvmedia.ca,686,Independent Film Channel US HD,www.ifc.com
8836.stations.xmltv.tvmedia.ca,690,ReelzChannel HD,
11121.stations.xmltv.tvmedia.ca,691,BBC America - East HD,www.bbcamerica.com/servlet/Homelude
8815.stations.xmltv.tvmedia.ca,692,TV Land - Eastern HD,www.tvland.com
6980.stations.xmltv.tvmedia.ca,693,RFD-TV HD,www.rfdtv.com
19128.stations.xmltv.tvmedia.ca,702,"CW (Week-DT3) Peoria, IL HD",www.week.com
4596.stations.xmltv.tvmedia.ca,704,"ABC (WEEK-DT2) Peoria, IL HD",www.week.com
4602.stations.xmltv.tvmedia.ca,705,"NBC (WEEK) Bloomington, IL HD",www.week.com/
4600.stations.xmltv.tvmedia.ca,706,"CBS (WMBD) Central Illinois, IL HD",www.wmbd.com/
4598.stations.xmltv.tvmedia.ca,710,"FOX (WYZZ) Bloomington, IL HD",
8584.stations.xmltv.tvmedia.ca,711,"PBS (WTTW) Chicago, IL HD",www.networkchicago.com/wttw/
4583.stations.xmltv.tvmedia.ca,712,"PBS (WILL) Urbana, IL HD",www.will.uiuc.edu/
6115.stations.xmltv.tvmedia.ca,714,QVC HD,www.qvc.com
4604.stations.xmltv.tvmedia.ca,716,"Corner Store (WAOE) Central Illinois, IL HD",
14985.stations.xmltv.tvmedia.ca,723,HSN  - Home Shopping Network,www.hsn.com
5882.stations.xmltv.tvmedia.ca,725,NewsNation HD - Eastern Feed,www.wgnamerica.com
6039.stations.xmltv.tvmedia.ca,726,Golf Channel USA HD,www.thegolfchannel.com
6245.stations.xmltv.tvmedia.ca,728,ESPN U HD,www.espn.com
6246.stations.xmltv.tvmedia.ca,729,ESPN News HD,espn.go.com
3036.stations.xmltv.tvmedia.ca,730,ESPN HD,www.espn.com
3379.stations.xmltv.tvmedia.ca,731,ESPN2 HD,espn.go.com
14414.stations.xmltv.tvmedia.ca,732,NBC Sports Chicago Plus HD,
4020.stations.xmltv.tvmedia.ca,733,NBC Sports Chicago,
4500.stations.xmltv.tvmedia.ca,734,Big Ten Network HD,
3037.stations.xmltv.tvmedia.ca,735,TNT HD - East Feed,www.tntdrama.com
6090.stations.xmltv.tvmedia.ca,736,TBS - East HD,www.tbssuperstation.com
4724.stations.xmltv.tvmedia.ca,737,CNN HD,www.cnn.com
5490.stations.xmltv.tvmedia.ca,738,USA Network HD - East,www.usanetwork.com
5643.stations.xmltv.tvmedia.ca,739,Syfy HD - Eastern Feed,www.scifi.com
12597.stations.xmltv.tvmedia.ca,741,Motor Trend HD,www.motortrend.com
4466.stations.xmltv.tvmedia.ca,742,Discovery HD (US) - Eastern,www.discovery.com
5004.stations.xmltv.tvmedia.ca,743,TLC USA HD - Eastern,
4537.stations.xmltv.tvmedia.ca,744,Animal Planet US HD - East,Discovery.com
5828.stations.xmltv.tvmedia.ca,745,Science HD,www.sciencechannel.com/
4638.stations.xmltv.tvmedia.ca,746,Outdoor Channel US HD,www.outdoorchannel.com
17034.stations.xmltv.tvmedia.ca,747,A&E US HD - Eastern Feed,www.AETV.com
4660.stations.xmltv.tvmedia.ca,748,History Channel US HD - East,www.HistoryChannel.com
4436.stations.xmltv.tvmedia.ca,749,National Geographic US HD - Eastern,channel.nationalgeographic.com
6237.stations.xmltv.tvmedia.ca,750,Smithsonian Channel USA HD,
6107.stations.xmltv.tvmedia.ca,751,MGM HD (USA),
6220.stations.xmltv.tvmedia.ca,752,WE HD,www.wetv.com
6995.stations.xmltv.tvmedia.ca,754,MSNBC USA HD,www.msnbc.com
6119.stations.xmltv.tvmedia.ca,755,CNBC USA HD,www.cnbc.com
6207.stations.xmltv.tvmedia.ca,756,Fox News HD,www.foxnews.com
3690.stations.xmltv.tvmedia.ca,757,HGTV USA HD - Eastern,www.hgtv.com
1054.stations.xmltv.tvmedia.ca,758,Food Network USA - Eastern Feed,
6120.stations.xmltv.tvmedia.ca,759,Bravo USA HD - Eastern Feed,www.bravotv.com
6111.stations.xmltv.tvmedia.ca,760,FX Networks East Coast HD,www.fxnetworks.com/main.html
11137.stations.xmltv.tvmedia.ca,761,Fox Sports 1 HD,www.foxsports.com
6917.stations.xmltv.tvmedia.ca,762,Cartoon Network USA HD - Eastern,www.cartoonnetwork.com
6333.stations.xmltv.tvmedia.ca,763,Lifetime Network US - Eastern Feed HD,www.mylifetime.com
4723.stations.xmltv.tvmedia.ca,764,Lifetime Movies HD - East,www.mylifetime.com/lmn
6219.stations.xmltv.tvmedia.ca,765,AMC - Eastern Feed HD,www.amc.com
6150.stations.xmltv.tvmedia.ca,766,Travel US HD - East,www.discovery.com
6659.stations.xmltv.tvmedia.ca,767,E! Entertainment USA HD - East,www.eonline.com
6994.stations.xmltv.tvmedia.ca,768,HLN HD,www.cnn.com/QUICKNEWS/
6996.stations.xmltv.tvmedia.ca,769,truTV USA - East HD,www.courttv.com
6334.stations.xmltv.tvmedia.ca,770,Paramount Network USA HD - Eastern Feed,www.thenewtnn.com
6957.stations.xmltv.tvmedia.ca,771,Comedy Central HD - Eastern Feed,www.cc.com
4525.stations.xmltv.tvmedia.ca,772,MTV USA HD - Eastern,www.mtv.com
6204.stations.xmltv.tvmedia.ca,773,VH1 HD - Eastern,www.vh1.com
6205.stations.xmltv.tvmedia.ca,774,BET HD - Eastern Feed,www.bet.com
6344.stations.xmltv.tvmedia.ca,775,CMT US - Eastern Feed HD,www.cmt.com
6110.stations.xmltv.tvmedia.ca,776,Freeform HD - East Feed,www.freeform.go.com
6342.stations.xmltv.tvmedia.ca,777,Nickelodeon USA - East Feed HD,www.nick.com
6112.stations.xmltv.tvmedia.ca,778,Disney HD - Eastern,
6213.stations.xmltv.tvmedia.ca,779,Hallmark Channel HD - Eastern,www.hallmarkchannel.com
627.stations.xmltv.tvmedia.ca,780,HBO HD - Eastern Feed,
6313.stations.xmltv.tvmedia.ca,781,HBO 2 - Eastern Feed HD,www.hbo.com
7099.stations.xmltv.tvmedia.ca,782,HBO Signature (HBO 3) - Eastern HD,www.hbo.com
7104.stations.xmltv.tvmedia.ca,783,HBO Family - Eastern Feed HD,www.hbo.com
6083.stations.xmltv.tvmedia.ca,784,Starz Encore HD - Eastern,www.starz.com
3388.stations.xmltv.tvmedia.ca,785,Starz HD - Eastern,www.starz.com
7089.stations.xmltv.tvmedia.ca,786,Starz Edge HD - Eastern,www.starz.com
7088.stations.xmltv.tvmedia.ca,787,Starz Comedy HD - Eastern,www.starz.com
7091.stations.xmltv.tvmedia.ca,788,Starz Kids & Family HD - Eastern,www.starz.com
7087.stations.xmltv.tvmedia.ca,789,Starz Cinema HD - Eastern,www.starz.com
3034.stations.xmltv.tvmedia.ca,790,Showtime HD - Eastern,www.sho.com
7111.stations.xmltv.tvmedia.ca,791,Showtime 2 HD - Eastern,www.sho.com
4352.stations.xmltv.tvmedia.ca,792,TMC HD - Eastern,www.sho.com
3389.stations.xmltv.tvmedia.ca,793,Starz HD - Pacific,
10812.stations.xmltv.tvmedia.ca,794,Starz Encore Action HD - Eastern,www.starz.com
7090.stations.xmltv.tvmedia.ca,796,Starz In Black HD - Eastern,www.starz.com
3567.stations.xmltv.tvmedia.ca,797,Cinemax - Eastern HD,www.cinemax.com
1797.stations.xmltv.tvmedia.ca,867,NBC Universo - Eastern feed,www.holamun2.com/grid
14566.stations.xmltv.tvmedia.ca,901,MC - Hit List,WWW.MUSICCHOICE.COM
19057.stations.xmltv.tvmedia.ca,902,MC - Max,WWW.MUSICCHOICE.COM
14596.stations.xmltv.tvmedia.ca,903,MC - Dance/EDM,WWW.MUSICCHOICE.COM
14588.stations.xmltv.tvmedia.ca,904,MC - Indie,WWW.MUSICCHOICE.COM
14577.stations.xmltv.tvmedia.ca,905,MC - Hip-Hop and R&B,WWW.MUSICCHOICE.COM
14597.stations.xmltv.tvmedia.ca,906,MC - Rap,WWW.MUSICCHOICE.COM
14598.stations.xmltv.tvmedia.ca,907,MC - Hip-Hop Classics,WWW.MUSICCHOICE.COM
14599.stations.xmltv.tvmedia.ca,908,MC - Throwback Jamz,www.musicchoice.com
14600.stations.xmltv.tvmedia.ca,909,MC - R&B Classics,WWW.MUSICCHOICE.COM
14601.stations.xmltv.tvmedia.ca,910,MC - R&B Soul,www.musicchoice.com
14557.stations.xmltv.tvmedia.ca,911,MC - Gospel,WWW.MUSICCHOICE.COM
14558.stations.xmltv.tvmedia.ca,912,MC - Reggae,WWW.DMXMUSIC.COM
14561.stations.xmltv.tvmedia.ca,913,MC - Rock,WWW.MUSICCHOICE.COM
14562.stations.xmltv.tvmedia.ca,914,MC - Metal,WWW.MUSICCHOICE.COM
14563.stations.xmltv.tvmedia.ca,915,MC - Alternative,WWW.MUSICCHOICE.COM
14564.stations.xmltv.tvmedia.ca,916,MC - Adult Alternative,WWW.MUSICCHOICE.COM
14560.stations.xmltv.tvmedia.ca,917,MC - Rock Hits,WWW.MUSICCHOICE.COM
14559.stations.xmltv.tvmedia.ca,918,MC - Classic Rock,WWW.MUSICCHOICE.COM
14565.stations.xmltv.tvmedia.ca,919,MC - Soft Rock,WWW.MUSICCHOICE.COM
15019.stations.xmltv.tvmedia.ca,920,MC - Love Songs,WWW.MUSICCHOICE.COM
14567.stations.xmltv.tvmedia.ca,921,MC - Pop Hits,WWW.MUSICCHOICE.COM
14572.stations.xmltv.tvmedia.ca,922,MC - Party Favorites,WWW.MUSICCHOICE.COM
15021.stations.xmltv.tvmedia.ca,923,MC - Teen Beats,WWW.MUSICCHOICE.COM
14574.stations.xmltv.tvmedia.ca,924,MC - Kidz Only!,WWW.MUSICCHOICE.COM
14575.stations.xmltv.tvmedia.ca,925,MC - Toddler Tunes,WWW.MUSICCHOICE.COM
15020.stations.xmltv.tvmedia.ca,926,MC - Y2K,WWW.MUSICCHOICE.COM
14568.stations.xmltv.tvmedia.ca,927,MC - 90's,WWW.MUSICCHOICE.COM
14569.stations.xmltv.tvmedia.ca,928,MC - 80's,WWW.MUSICCHOICE.COM
14570.stations.xmltv.tvmedia.ca,929,MC - 70's,WWW.MUSICCHOICE.COM
14571.stations.xmltv.tvmedia.ca,930,MC - Solid Gold Oldies,WWW.MUSICCHOICE.COM
15022.stations.xmltv.tvmedia.ca,931,MC - Pop Country,WWW.MUSICCHOICE.COM
14576.stations.xmltv.tvmedia.ca,932,MC - Today's Country,WWW.DMXMUSIC.COM
14578.stations.xmltv.tvmedia.ca,933,MC - Country Hits,WWW.MUSICCHOICE.COM
14579.stations.xmltv.tvmedia.ca,934,MC - Classic Country,WWW.MUSICCHOICE.COM
14580.stations.xmltv.tvmedia.ca,935,MC - Contemporary Christian,WWW.MUSICCHOICE.COM
14592.stations.xmltv.tvmedia.ca,936,MC - Pop Latino,WWW.MUSICCHOICE.COM
14591.stations.xmltv.tvmedia.ca,937,MC - Music Urbana,WWW.DMXMUSIC.COM
14594.stations.xmltv.tvmedia.ca,938,MC - Mexicana,WWW.MUSICCHOICE.COM
14593.stations.xmltv.tvmedia.ca,939,MC - Tropicales,WWW.MUSICCHOICE.COM
14595.stations.xmltv.tvmedia.ca,940,MC - Romances,WWW.MUSICCHOICE.COM
14581.stations.xmltv.tvmedia.ca,941,MC - Sounds of The Seasons,WWW.MUSICCHOICE.COM
14573.stations.xmltv.tvmedia.ca,942,MC - Stage & Screen,WWW.MUSICCHOICE.COM
14582.stations.xmltv.tvmedia.ca,943,MC - Soundscapes,WWW.MUSICCHOICE.COM
14583.stations.xmltv.tvmedia.ca,944,MC - Smooth Jazz,WWW.MUSICCHOICE.COM
14584.stations.xmltv.tvmedia.ca,945,MC - Jazz,WWW.MUSICCHOICE.COM
14585.stations.xmltv.tvmedia.ca,946,MC - Blues,WWW.MUSICCHOICE.COM
14586.stations.xmltv.tvmedia.ca,947,MC - Singers & Swing,WWW.MUSICCHOICE.COM
14587.stations.xmltv.tvmedia.ca,948,MC - Easy Listening,WWW.MUSICCHOICE.COM
14589.stations.xmltv.tvmedia.ca,949,MC - Classical Masterpieces,WWW.MUSICCHOICE.COM
14590.stations.xmltv.tvmedia.ca,950,MC - Light Classical,WWW.MUSICCHOICE.COM
2628.stations.xmltv.tvmedia.ca,963,TV5 Monde USA,
6868.stations.xmltv.tvmedia.ca,966,RAI Italia 1,www.international.rai.it/
5263.stations.xmltv.tvmedia.ca,968,RTN+ - Russian Television Network,
9604.stations.xmltv.tvmedia.ca,972,TFC - The Filipino Channel,
8673.stations.xmltv.tvmedia.ca,975,TVK (Cambodian),www.tvk24.com
2937.stations.xmltv.tvmedia.ca,976,VGNTV (Saigon Broadcasting Television Network),
